0xB9127F69BEe7c5ed4e6290b16c666fcFF65C8BE7,10002
0x8E5e553348a287B1FaaC0E400e85E65B165d6a27,10022
0x61ECf13430925D295cD6A2d31255dA0CF877C5D5,10042
0xE728ce82d36b72E74679c5e51f0341A3b64a4512,10062
0x13AC03300a65133e47c0758a1E0269552395F598,10082
0x89d1604D04C64dC9E5298d18f0fb63eB799B5D3b,10102
0xBa1347eAB403FAEd265E906634a6D5962D1E68DD,10122
0x4c9dBcCf2d089adCA283b628489816c9Acf810c4,10142
0x31E69DBD391C66D8764BD915DB8c1D0DD9B2D359,10162
0xD2FA562e71C39C77e626e41f88BFffD3ccE39fC5,10182
0x0AcEf5bd1ec3095515D9Ed7B6DaAEb3c1b2B5e31,10202
0x988236e5A0a27c62124D131c2B8De67189532100,10222
0xA989e7565fB64Ec2c66519FbEC067d888026275B,10242
0x297C75abE93F2271e26A2Df9cF5Fd50667946ce8,10262
0x7114FDDF2F16A737726267990CCD9937f1d03e9D,10282
0x54D6F46a30b662BAF483fFc00dDB0731478B3A85,10302
0x541c54941bBB237594bbDecE66619952c2EdB228,10322
0x775E730390C1F23e31152c8C1E964eD6515dA83A,10342
0x1b69E2A191fD73029130Bef5eF0A1aE698F28E8D,10362
0x81B53ED68aB9970d25820add55EaFD4A7816413a,10382
0x491391152275D8d576b0517bf427D773e4710FCe,10402
0x798C991e9738F0A80bC4dE531000a798fcF46f08,10422
0xEb50f26352F02Dc0706469f11bb95e6295302085,10442
0x8059358932Fa57b5C5aeb268Fe854E57f3348f3e,10462
0x283161B45BC5B2fA22333a38714c8577b45c0AC4,10482
0xb3e7e7AF6D6124EF68AcC94831BBAC2c10CB30b8,10502
0x8B147C4dB4e2616C0bAcfb29F5C61589BC0dE4dC,10522
0xDf17764870cABF8FbAaD998492C9F12Fc260B6Fc,10542
0x3C3753a1AD77Db64B3cf678895D299ed658F2459,10562
0xc1C29533d05b73A792B47bdf8FCC8aAb7d000Abb,10582
0xF82e8BC7E11A22B5ab835CA25A477203a97BDB16,10602
0x96cD8CFd81Bd94dcCD03B43af3a7E3aFF053Ce1D,10622
0x202fD52bcc52ccFAa0c6cB40784200831F318970,10642
0xCB50a33D1AF25130B939B120A5c1EAc768dbd880,10662
0xAFf8C16838960Ea45114a8f9f818581Fd026687E,10682
0x37d907Be5FC18A216eA0606BF3A18760b5472F14,10702
0x06026e82c7e8b3896808219A2D41C12E4ca92691,10722
0xaf2500A7500D4Fe1237f685Ac22769c03756b220,10742
0x2597D10AE6358b9D67B0037eD011783fd9738506,10762
0xfDF76458F9166B328d42f15f42a7bC5dF02A821A,10782
0xfe222BD8FcC0d6Cbec595d2eE000FC4C5f91b906,10802
0x39196605a319f9c0b274F049AccAe5441207de10,10822
0xAdfD576DDD60BB0D730DEd731099F37514dEb35F,10842
0x2AAcE5ab503CE73c42E058e2f9f7f5b7Fe85937B,10862
0xFF4a4601d87b966ce1e437ae95D19116E49ee99e,10882
0x4DC92838399bb27304B0379242c7756d8959414c,10902
0x80A41e88355dAf6fdd90aC76d45761Ba1F277605,10922
0x74ABda93b21f016A8C3673538797853ac8F92ae8,10942
0xA86c333Af05A32F9a73E2e8A7faaD4A9f77192a6,10962
0x446205cC9A765d68D0a01646853b43675e7B2645,10982
0xA025BAEDDF48b9441e1343fc1a993F3d95dD223b,11002
0x6DB19A3aAC18A7a104009079275A50b324f96333,11022
0x06A68A9Ca1B862638781434c5fcE78435fbBc9FB,11042
0x83edcCA7B58dc9f380852Cc98De356E7CB263951,11062
0x7a1386c40aD6B71872f6b26F1774d28AF34ECdb4,11082
0xc70101ca4eA6d8944ebb47d47c018db01DFd06Bb,11102
0x8052a1e6A7F64325eE3a7CE1C5e1cc39B22af712,11122
0x2f27985B3ed7508D9cc004887BE43aD6f7623298,11142
0xeA718dF698A8622187A2920BE599396c93f76667,11162
0xa79Feb958667ffbbA9b91673904182e09C441913,11182
0xDF1Ff67422DC7480Ea8fb5BbAd496aF206b07BeB,11202
0x410BC34dEc3D3b8A2a0bb6167D4CF9240F1ce925,11222
0x2e9d94609865f8218B9657033144bB3EA0BB6BFA,11242
0x5515A38491429bE0BC4802849477b51893AD4D38,11262
0x5b7f18C219088bC67f454c15Cc294705DF05C4d1,11282
0xF70A6A39D44783F7A43657B7b2Eb800030E4f409,11302
0x2645C8f52bd8DF526bFA33653d759CA1F855465d,11322
0x109A7910480D57dC34B803C284cAC01Da2c12549,11342
0xe311827AB2F57A7FF2Fcd12e902E242DaE627621,11362
0x4EE305Cc657623D3Fad3ef6de466899a79E4E894,11382
0xB17CdC2b534Dd92ccaE70e4afE2B95f86fC20ebe,11402
0x9D2F582938d49a184b6c4743D13bAE1A6d6c20B8,11422
0xD17CdD191Be7C6a5616edeCDB9536fAB9e3A09b4,11442
0x0B5a59cb725a260C0028bB54e8A6674272ebc9Ff,11462
0xf1c0125EeCf68Af8B727Eb0Dd8A54f3BE434A4d4,11482
0x3B021D9B15542e1450b31826498fC5ae973E517C,11502
0x88E227fbB95d896f75C169Cc8A0227a282f3e5b8,11522
0xe9fC8D24063e4fC60863E59CF7d355A9f446Df9A,11542
0xBDD0a120c81F3EDB17dBe8BaCa1a921Fcc6F8f08,11562
0x1A2Ef0ec319d1598a5680e598Fd76F3e108ABF4D,11582
0xb7ecAD384C14a15fe3eC3DEd7B72310abe6AD5bF,11602
0xE1B829bD4DfCc4f9DB2e532481E39Dd5D49b82BC,11622
0xc82adb6F81D3e458e83dC015379aBDea091A5937,11642
0xc4C21538E13CFACD2660d14f97E9cc17387C4096,11662
0x14658e3d24F926F89Cc6D2d4761e3eAE83c58D93,11682
0xb36ED42A9C53e45e9817b5049feF9E148C2B661A,11702
0xB61AbA6fF03fd22F55363D58ed0449E2Afefc85A,11722
0xb2716f4F41923192903Aa34De0E976d6eeeD4316,11742
0x1dcbb9E475362564cC654c956d028f59d3683e7b,11762
0xBAdEbaFF406686aEb4215EAcA4E9bfCc218e794d,11782
0x3ac7c5721e12267338bfc21b81FcE9F9cF03aFaC,11802
0x20530c992ad452E50165892758eFcF00C7b64f97,11822
0x9555dcCa29229021175E8a981Bd850b32BA0bF2c,11842
0x7632394ddf88185a4B768a801694D1Bf73c0F84E,11862
0xe8F6Ad4F008F7F252DF57ec535450468D47De488,11882
0x5a7352e4dC807802a1DD21cE01c6613531306f47,11902
0x9D6dcB1ad3301617ECa114EeD07C069fd9De80C7,11922
0x98200Fd3993a3aeB1dd4FE2AE7Ff790746c7b17E,11942
0x02CB6EECE762D973BB9A50BC0FA941BAA1DED62E,11962
0x2e05B729781fE3BC32dD0eEea0111FA796812eC2,11982
