0x403f211Ec9BF0270888e8879d53597820B5cF438,12002
0x3841abf8b82b3f9ad61e0fD174d7733B0f770F49,12003
0xA8312b350348344650d0101ec26F25DD9afdfe13,12004
0xB598B04397e2569c2Cc53E574773FdCd5F1d86Fa,12005
0x1a72b121ce0dd482E620fE1b0B858698CE2Ae3Ac,12006
0xeA718dF698A8622187A2920BE599396c93f76667,12007
0x5e53b0fF660c99567204617Fa96d2540F231c804,12008
0x26C805667624962C8C7cD3627355aeD228762993,12009
0x85dAD34fFd21eab089067A1446c427537Fe69299,12010
0xd902ccb411e6b576ed567159e8e32e0dd7902488,12011
0x38523c1E7C6b8e35FF7Cc2fedBB18653B5692Dbd,12012
0xa6cE5Fb8EE069BAADD0926A96B633a69092e1484,12013
0x437215be5aB4aB48F90702Cb85b7FC75983a4E2f,12014
0x7Ef79b6E5f9e15d886EAC582dcdA48A9c8372F5a,12015
0xe234d12cf319d0a459cF1016d2Ab825BFE4FBFcc,12016
0x45a58c53fa2Ac44371527525bDbD2E5931919da0,12017
0xfCd0b800d292D42c232d418b7C494584118a9f29,12018
0xca0970fb71d14672c63bd589065498810b2d18e3,12019
0xE2D8eAebB70FC16b6A2aA1903Fa7EA2E0e44b2b2,12020
0xF3C7cCDCf397f323C045C2c513932E8a0a0A4C16,12021
0x86bB2F3484405420774D5B7f157386E3BbB9FF96,12022
0x16A3A51b9035e409e92e16C4bA7C75D022a1Bca6,12023
0x91eF4B1685927a5Ad1C63d3565754B4fE78c316C,12024
0xF9346C2cFD24541af4c54c8Ef2e5Aa6F3D4834c1,12025
0xee0BC31dE072898D8b7d34e905eE43B508fC8BE4,12026
0x62B5D15393aF68108a3a1a08782a5089FF019f68,12027
0x68521929C7eF13c826dc4bB5E022036c19c9e658,12028
0xa9732A70489C681BB5b8F53d9eedB83bbE04F04F,12029
0xaeA3D80E982F9A341266d5562e43fc71CA17F76E,12030
0x74B2D0C081E011d1C98A4865ac4B881371dD9292,12031
0x2f27985B3ed7508D9cc004887BE43aD6f7623298,12032
0x4574c16A89A4E049295f331A962F2DA39281A3c4,12033
0x7F8D562f95bbF3D6Ce8dd39CCb7394FfD3755313,12034
0x034e7da9b1CD00384B158E5Cb08942254B3d2510,12035
0x7055A40C16dc4389d4dbBcA224Ad4049013aB929,12036
0x6a761b19311c4a0Ff9CFeCBe60958649e270D527,12037
0x33Fa12Fe6fB716BA2a4768F5593b6CE592D31c2A,12038
0x0C579FFAA035bAbeac8D456EEFBa7e7ecBc79f91,12039
0xC5052122F10f7DCB501F5C8818b84A305AE74aF3,12040
0x533B33D92C558D8E0EA6FCccEdcdBa63ff332E0f,12041
0x39B753c81C54f7bCEDAf03FF5512Ad4239179585,12042
0xD4ce1f240415E3114C467D7DaDf6DACf9000ACe8,12043
0x8a03AdC4A9f58b86936ACc2858ACe1F0ba1D0260,12044
0x44E12EB8E7B37685a5A9aBAb0Cd2036C8a1e750e,12045
0x57ED8D9A061a066EAe8f72899991094a13Bfb981,12046
0xAd37320CC85F74f33F408686f81c604969d34A94,12047
0xB71b2eCc3DAa289452d6ff3b34Ef2F5643337505,12048
0x4d838F1702A64EDA887DedA314E486caDFAA9AC7,12049
0x2C630688c571023C18636Ce24977C30f521B9199,12050
0x65775dB8cA51C2a968Fb3f763f6AA4F105Aed6BA,12051
0x80748782B5fa58774c2BAa1c6eFB4086d4D2006e,12052
0x725183Ba8aa01675fee933570bEdFa57f0d475Ed,12053
0xAcd82E82610e1Df4080C8af977F1A142025E1DDc,12054
0x29Ad2e164918376Fc9562e96B50A6820D442a701,12055
0xF4058b5b803C80f7437C6b2C69CACf627Ba432B7,12056
0x7da93a09adb654755eC8af731B06D74f565A4a5E,12057
0x2d8ab5abA12FB28B2867E3a083b6B8554eFCdCdA,12058
0xeE8581B9Da0c388E14237d95B15299E34CBabf7a,12059
0x85144925c10dFAf89cb3E6bc045d06b6FF77125C,12060
0xa15c4C4D64BF45097d78E84f139d73563D9b9609,12061
0x942eE296499fA92B6123529602A1A3F8dC9b868C,12062
0xC44ed9e39Ae8d0800A7B320313fE6C820B00Be3E,12063
0x55A1438b4b666c4359909aC902C41be09C3b821a,12064
0x0A8E2BcEe9950019BF5eb1B96DD1747926F08fc5,12065
0x191c5374f10dBa415Bdd09985e79EeefA5b794e4,12066
0x5F76aDB4D86368bAB7335C78C0004EA4cf1fe8C9,12067
0x99daE7af846f5855E1Ed0d40ce28745B7f607842,12068
0xeEdB9E34C57B2E364Dd0B4564C15f8a7ECf15916,12069
0xCD0f2e1D26A71B2356cd6bB2f0ce09aad44022a1,12070
0xB643e17c2CDDCE70Cad14DbBCf6bBEb2f8084589,12071
0x212F3cb26f21604fcb924E2b1D873c1108d2dbe5,12072
0xFb7D327dE8b2B37053F92c869A7b71282F48d781,12073
0xaF7166d9612566F105B3380531892C466A6E796a,12074
0x4D4d8a29C7F878695528d67c66DeC1fB3Da564Ac,12075
0xa5BE9934a1a32fC644bdBD35962EB27c7EcA8b97,12076
0x70D82A210D75651a769bA10A7bb4d7A0fe3Bb92F,12077
0x174569F493DF9267E82a1b58B49778e2b8F10ACd,12078
0xd16c300C95C9Bc87db958A1cc48c9e9d9a2eF3Ae,12079
0xd48d14D212Ac03bCe8275789eB8Adacf9AC72b88,12080
0x04019E76ABFb2075115b33467F42Aa72586bB405,12081
0x2680963ce6f97c2D75D079C3d3e5f9487F6531E1,12082
0x9BB31Df9922dA7086f2464DF7cEa1dB51b4Cc81A,12083
0x0987220E68cAa3923CAB63cFe9B27F0f97607387,12084
0x49328BCC96135713253edb75E0bD8bd851e4bE30,12085
0x5739056e0501Cc8D7796276F5162BcDE3Dc18B82,12086
0x30AFA2c930BA0F156E5EAF6792116fec0628c941,12087
0xD60Cfd1379Af32a6368629789Cae7D0EFCc9B5c0,12088
0x238DAc23EcCf3963d2cd8bE5AE6bAbAfd9BEa1a7,12089
0x9f1c0CfC21a750ED37035147d84F0eE58a227190,12090
0x3B0F627E5051c40Cf2787C9cd954E40a3d44E753,12091
0x8Ec4EDc45260C70815B01FF2C47331932270D276,12092
0xB72dB9b90D863816F99D57d5bA2CAFe193Ae9e8D,12093
0xA5F9419373f0A88e3A92BF5b944A84a19DB555Ba,12094
0xb1A40CE5b10711832A5345633A72c5bCd4E7b9Ce,12095
0x3964B8C2Ce10c40fb476B5b323329Ef5C2EC52D0,12096
0x22b85489775EdA3283d9FC6ce49cC9C8a19a222E,12097
0x4eBf4Ca00B03Dd45bC752f1031c69cCc9AF8Bf6B,12098
0x74Eec14061B5AF562c9564024C939E3E0c873ADD,12099
0x7D86782002A58973e087F7d72E433b54A550DC0B,12100
0x4757fD8f0eeD13B2EE8d41eC302c68d317C34462,12101
0x5BE61c4d144771f5895cB2996fd3071B0714a2EF,12102
0x9b8282EB7fcbd7e3629367761974E6AC87162A44,12103
0xb5F4c4b33c7caE3A792b028754fC3922c73E5a81,12104
0x6EA721B2325D11C4EF37066e3FA98EEe84b74db8,12105
0x4649709F332837E32dCf5c90BB59A237eAf91e9f,12106
0xEDec232f3E05391D4045e5741cd3437fcdeEB88e,12107
0x15aB399102490990c21E0fd3396d031C83b8533A,12108
0x9cE904DE1D046921B1D095ae3cdda1FF6FbEecAf,12109
0x3ac8d2072Ef11FE68b9d8B2a0C976C1C16aF7368,12110
0xEC7198F753454aB3456a7fd0637F08dA320B8685,12111
0x46365d90fD4b10cDa2d4C302fC169005DDeFA957,12112
0xA43b8A1EFc70a6816E0Cfdd56Ef06f81492a9aaE,12113
0xb89A408E9c5e62CbBB2ecd44F9ED1EDB821a8Ddc,12114
0x851E33156d122c3851DD627688363F11974D939c,12115
0xB582E7bDc9E00d521586ED8c82Be2725Ca4EeAf5,12116
0x8Cc1618642EeA7Af36B28c8883ec28F7e9402d4e,12117
0xf39E6c79ee77cf0D2921b3c1659c95849F7F8B75,12118
0x61B63704748010ef99d9470eD8483F8Bd2788484,12119
0x15adc8639f65D10208699501cffc129958877ca5,12120
0x7944b9376a18e07e6114E0397247AA51191509Db,12121
0x62b97dF041683837Ffce8654dB792F7dbcb4B5EF,12122
0xDA2DD512c80b7505aAAd74716346a021e84a744b,12123
0xF03454b6FED364F18099088ad31B75c4CCf13C03,12124
0x898E7BA5997Edf98aC95E19a2D8dc417Fbe80621,12125
0x62AEB1d46D4cbb804Ae14ae3098C2A7E0578Be94,12126
0x9b8581114fE5A51f397021cEda504f2FffAdE968,12127
0x0bA6a7e89E9C59F54ca0dB1CAC5fD65C3775350C,12128
0xd911b9aeED8569Ea02B55225963D37A5d688D5C7,12129
0x6077B39d01919E53359763c7C8ffA3362D7bfC08,12130
0x9c7c39217c5Aa030E4Fc78Acf5Eb6340BF30670B,12131
0x3189a6C511f0Ebb5E6332074741485ADe089aF9E,12132
0xB22140c0803fcFbe33F99d0D4e1659ABbcB5fA6F,12133
0x5e5C5118ab1b75d7b6d0241620b497762eF40cF8,12134
0x07ca5097865bf4cF7E8E907Beb6d25Eef472d271,12135
0x95C358477E9D265245333f95134abf564C6D7028,12136
0x2799f2CFf4f607462D052f0D33c1d1671674F32C,12137
0x75BBfFbB7a0AC8737E59dC17F7A1b446297D1413,12138
0x6C35B80F7046D4f283c62BF8CAB0B4ca37228464,12139
0x700fAb1b726D1324Fb178BeBF2a6A98f15229649,12140
0x170DED2628958863F0a05f76E2F89130163A0942,12141
0x5151352dfFCB802F4f645D48b716729F77786a68,12142
0x179407B44dc6F964E08d9A4854225d30b8a264e1,12143
0x5B43B8a21Cdd81Eb903EfD4Ed1DB78bcf4Cae9C5,12144
0x0A4d8A6774F501F36A59cEB36C3d007a7d5ab6e4,12145
0x9039D706b6b4694DdCD80797485Ff7D532041330,12146
0xdB59e4838a032b981DbBBBb0A79721259471d58b,12147
0x11179B20ab64708C03F961F00e61dF34cad4fdAe,12148
0xa150C4E574A658643D879E88636B10385D514F70,12149
0x5A7148174F0fB66f11Cb21d7bb2a0E24cD7dCAbe,12150
0x4A79DdB4AceeA405AE5D008a6F690F2Fd69318CD,12151
0x9a08b924E1eCE4DCA8177A87aF1e81baDdA69df3,12152
0xd9Ad3C054416425B6D9B934C6eA2Ef9FaC8Fa808,12153
0xFF5f9ccA5e0b75E62B99E54F5B17ebF021e9BfA0,12154
0x65f2578c3D3151949DEb3d6d448aCc24eD5dAd1D,12155
0x034BD5cfA3ceA335e3a4429554B19F7FeF31d0C5,12156
0x925935427a76Bf68694f5e244b1E5d261baaABf6,12157
0x1b2EEa71F86013F44099d35F507635Da0Ca337CB,12158
0x90ce1a96561a76613B636544DF993C4BE0cB6E19,12159
0x76A2cc8e29f88bBD0d39057019dEdA42Bb4C73e0,12160
0xc831492333B819C9EF3b9b6A96724A2E1C608713,12161
0xc5E0cF5C1543d8383DBAF616754735699f347a66,12162
0x917c4De3286400AFa62eEAFF91F34936fA9C7F54,12163
0xCB3268A4936B97E76509e0d1a7236Dd6d4063b36,12164
0xd0514E154c4F22af658a57713aA4e62e03725aF1,12165
0xDDD67Ee8e730f930aBd68dBF290F744fc76cdeC9,12166
0x1eaee8915e29b0E617B059Fa3bdFa0c13241ae9D,12167
0x102582b47711F2fC378045f560AeA29cf4bFA6e5,12168
0xd7c2F383D8b501a526A92EeFAC9345cEDBb9490B,12169
0x96C85aA6Cd32aE005758e4f2Ac420391784e3Bb8,12170
0x0a9177455C8D6F6FeDEc033B2b77C34d8f8c6007,12171
0x2ae4811204AD2f0EfC4662ed846d0A0201D2Ec6c,12172
0xD249B150B70cF2Ab90ED118435c151bC74Df0B55,12173
0xb056b7d02b879A09ECC1c3f3859BCB5b6E95A213,12174
0xDA4fa9F7295b2b5C297a6f08eCf39443E09c75b1,12175
0x5Eb1b26610D5e26D3ba66EeBAf08F77339528e1d,12176
0xe5eeDbDaFf03BC72a2108888626f17d151CaD95c,12177
0x38B3A6481fAF315DBEFEb33ee71b2F881F3A51DF,12178
0x5412C9123Eafa1965565ECDA3241f5eafa6AC9F7,12179
0x31C31D9DAa3D5F0d3E20909fe78Db3AAA61D4D09,12180
0xc7aF0e1e832CfE0285AAFFEe33D9CA55EAb0D8dB,12181
0x33BCCF99aC226a5402108859BF0f89E380878eF4,12182
0x71B0F3A66B12b47F2cbEE6cd6FF4FfBE71A1c5e6,12183
0x814Df58A138b28C18C80321D2CE25b599e6D7d2C,12184
0x8f26695B7A5248DB5EDCe5A02620D1f31318A2c2,12185
0x4004D029FCEc70372f57bf525dFCc2Af53FeE3B8,12186
0x33acc68d84830bc40999c339FaEC35457d59F8Bd,12187
0xC3E4f60ECE9d5F37Ccf1B53C7e6D65bCc81c3C06,12188
0x36De60057Ec5ab0473FDAC50334cDC4a27557e0B,12189
0xD7921d7BB5Aab1Ba1489F3Ba1920b4Ee6aCb15Ee,12190
0x7a7449cE93D1501F8bd3307b82232b30B76f1aC5,12191
0x0839Db538cd77Cd54C6FEa747b8DB8FE759207d6,12192
0xC6Ad63A3d1Ce04C14CEe0DcCAae1D3c87B233169,12193
0x8568f024e33fe8F10C2dee07458973541D5Bac8c,12194
0x1D947505Bd2f580548B6374d7E95d1e99B205c4d,12195
0xb326B31eDFe92203D9daAC01d3Ed3545eb95B219,12196
0x02F2efFf7f9F14d7684a9C3d05f75Fb0efB01067,12197
0x2c7C878585EFBf3d66cD2F10FF6346CA4799968d,12198
0x4eD93D4377bf5225A4dB8f21bEe0c0916Cf67fD4,12199
0x916771b75b1bb5fD29FE3d2AFA7bF5d5489D922d,12200
0x76028fC3EA18b832b606727DE135cBa592bD94CD,12201
0xF423f82AF87cA2d3F335Be1DafF376E3a431FCEd,12202
0xcE8C9B0e0f74A1D8fc90BDFeE4c135Dd11A0d837,12203
0x3d87d20D28Bb4E542F6033Ef6Aa592bAfa3f3e82,12204
0x6B0dcAf055b72BA1bEaB567160E9a4751d04eb53,12205
0x7D021D543334f29dff4Fb45EC42bc7194966a40D,12206
0x14338d3F045bC4c6081Cc3290cfa17bEa0a57B99,12207
0x2B8520A829B8df84329dE3cb01633C3d5BFCA9E3,12208
0x623d7f1B5d0F38FdD0d82efb4791E2A1bbfEA212,12209
0xAbe5f41216298f5c4651e38eE72DeD6dc943FD73,12210
0xe13B04Df2E051D87365F8A4D599c5B89BFbaaC9d,12211
0x4A18A32c4237078A99c4bcD3cfCFcE2BA90E131d,12212
0x970AeCDDc3FD9C1c0D91d51B1B73091481D091cD,12213
0x7BE4e023FF973aAe27bB603F2d914683421373b9,12214
0x56d2F448C6954264Fc97e8696bC90874e67E514e,12215
0x24C0a6721EbE2D083CCCD09574a44119120A2Aa6,12216
0x953897852bC7C924F1393A43AeF042d7921bfA38,12217
0x9676ee171D8485208e0ca4a51b68FF99E19Eb84D,12218
0x69e0Bf6E355Cd478497B69CD81ad665A733F9f8B,12219
0x18740A603D4E43999f2206f2485665a5F06B68eE,12220
0x56654a1FAD1A312AFA4D73F716ce0a1a4D9cAdb2,12221
0x317CB915f3293974A0E021b22b31a3056f07d57b,12222
0x0787489e571c198700454D7bF15fb3bdc922a6C3,12223
0xc7a030Df3D2EE60f5a9bB23dA332FE99a27A2ff0,12224
0x801986A185E89559bAc215848C312309b9f8D6cA,12225
0x96366349988cF2F79f8E8b5E5ce37222C2ddcf11,12226
0x03A969351cD7CBDb0D0B6870f88298A4Df7abE02,12227
0x02e58714897512336F734eD9fE92F6Ba4528659B,12228
0xBFce5590dB664AfaDbCf0DA93A7F4ed3032968A2,12229
0x5cAAbD0Ee46560727eaC088BB77170D2edD25559,12230
0x1C4c57E46787F9294E6BdB4D73ED263Dc950dc64,12231
0xdF69Ed487ceD7D417EF555bce2c91E56eC70e4C6,12232
0x53840bCb22Be26169a3F77E5494C90F1A99e85CF,12233
0x7527865F21bc63cDABBeCF36f0CC115FE506C53c,12234
0x1186FA98D4d59Ea4Be3d0D7f55Fd9b16c4D89Ba9,12235
0x147Fe52DcE18083f761298f8E38b454A2176f264,12236
0x3E5A1bb1d28818af7DeB6dA540Bdd9a12FA14Aa5,12237
0x54aFCc7930366B7cf1af4F083e92B39Ad7A7645F,12238
0x46097faeEFa35c6A4d85571808BFC94dE1299c34,12239
0xEfB6A434a87aD58FA8c6BD76902998295ab6B58e,12240
0x868A20fF4a24e8e2BCA159c43a67A2755ccA6681,12241
0x003cd6d401F7136c409C885C6E61A21a2Fb95150,12242
0x5166E42F5Fa826DC7811Bd9c5D67C96E848086Ec,12243
0xbC129e64f12cEC6eb200f4dd8304E7eddfF4489F,12244
0x0F8ece876c840Da69aA36f6a3e6F37E7D6f0F633,12245
0xAECd0BB7Bdf9b66EaA94CdE37aF3B842D10EF33c,12246
0xA1a791e11f6F6601a711D4eE5615e7DF79241337,12247
0xb5f936A9A4e6EAeD966D974994323Ad8560B563C,12248
0xC03e72A3Cf3BCD87ce9B1A32D3421cFbF5c7C0E4,12249
0xAA55f1275327aBC2f13EF26acfEAA55742F20231,12250
0xC8bd66286aDbab8C465e2ec6A05cf843685Eb497,12251
0x348FddfE5ec94Dd535876be921d06dbF2EDf57EC,12252
0x6381514a882d74908bB4fd5C0CF59Fa2d739fd29,12253
0xD2FA562e71C39C77e626e41f88BFffD3ccE39fC5,12254
0x784A4737f32403f88A6889FB901Ff1ED7B517d0d,12255
0x32948b7cFac764350f6B836d2ca386026eD6D6Ac,12256
0x4763e3139C4FAe6a0f9cBd1F74b32301e92a64E6,12257
0x6e7dbB10343c03DA3f07DC6B6a4747C7748Fd47A,12258
0xd86e0dDb97364B3f33bEfd9a489Bb75616340F2c,12259
0xcCC3E2940614DDAA0d025a864c646D54641E5c8B,12260
0x91Ec4090BE6E384263c6daBa0C4F6a19e712e86D,12261
0xC2779495bF1359bFc0977EA9188Da111f0d46AB2,12262
0x69406a9bDE41b0FAf996d3b3A074A050DDD18858,12263
0x15c85B2223610445F95BFfC68803e9A0958F956D,12264
0xe6B6022EEbaF3244E1af74517E4Dc2DC42853A72,12265
0xd5f83f63eF6Fb7d5D68A005aCf61068402d0C6AD,12266
0xb8e861766202b728efb4Acc1da88926A6560E1cb,12267
0xb7bc7C9e0aeb83f0FBF4F59A468B1ee903dFc21f,12268
0xf696dfA1896F03082139749DA1149cA874d150e7,12269
0xcD9F2954750459F9fe71410C23e2875f162ED914,12270
0x7B0e0ABc7Ce8B33384c57e3880B70c481572999b,12271
0xF0AB4E8c0f4b3AeE098EE81EaA08A0a757b7D3e9,12272
0x42426710eA16163eDFe9dDA9a3e9DbDF58bf9dE4,12273
0x9F1FD8D4E1BFaAD0BaCe6BE2393b20AFa9D618Ec,12274
0xeB41Acb7ccA431cf7622Fe242478E2caB38E061B,12275
0xDE4F9D6ca1834Aa04d430cF3b7a444DaEeeaB908,12276
0x7fCCaB49253bbb677E78dA565dcb37f14436E11e,12277
0x24af9F43391Bf951e420F9D63FFB89C8Aa787b83,12278
0x1AC36FF106ff0D30f26Ae0e55253e5F254fDA54c,12279
0xA2Adc220CA34B225Ca6BEd0D692E695d2dfD00f7,12280
0x080eAF858d18F93389D9F7D3c7A77f2Ca5dAC55C,12281
0x1dB5B14dFF897e993944dc014F12c7906d61c2BF,12282
0xcf9fE71b0434Fd959AA2c4fd93C9d465A8Bad57d,12283
0x3c6f229dFB379acC867179B5c9bb8FcB944852EC,12284
0x496867d65476D5Bf62dc7dF2a53C3D2c2CE2487a,12285
0xF21eEfe10A2875CdC8a6D53E229F537494A08B22,12286
0x717656E7E7Ec3BC3F6c064033A2F6e99E93A9EF5,12287
0x04d117CB23026692C8d73B2CcAc7Aba281D1Ba76,12288
0xfb700685057e679de386b92b9E1b1F5E08638183,12289
0x23eDc948F3704348e96E4fBC1Cd65f8E6CF49a16,12290
0x3fBaf1D97396CDC4BD0Bf4E8D045Eb3a5718e2D6,12291
0x7d9f95aFbC16a03FA82AFcCABd8d04Bc657C953A,12292
0x800D7E5A903513a6E19447367bdc303DAd6F2EB7,12293
0x7Ddf91cdf122e7b3Fe20F5D0AD0a94C894d6A1a2,12294
0x53F877C1477f69FD416Dc6c8B068A1fC9f8C7f7D,12295
0x1a409b02396b0f6B8BA8F4d2231aD3cdE2BCa94E,12296
0x6b606725760B2C34008E915Fe499ACf9899F0eF9,12297
0x8977E114F485AB35C0fe2a9964d25bf4DeaF58Ec,12298
0xA93BbD4A62dd069f6E22d73AC2561cD201eF0218,12299
0xAC66CB1a709120321aD4bce6cEc308BCAE932Bb2,12300
0x8E5350348d3D537333940EEA6107A6a26C2Cb1cd,12301
0x83b21b1b2ad7EB24E63143f0e5DABE54cbfF4347,12302
0x1361066e6FfF901AF50CDE2207a7f26a7e17eec8,12303
0x54e1Af0CC762e998773B16b85c8B1639734E0bdC,12304
0xF7C308738ed0A1022259eaFeAdfF6Be14BdE138E,12305
0x052A47b329bEbC999b4157807C80F0c427F20A46,12306
0x1CCF8D30D9F11C69b033590364a8587828786C2E,12307
0x2c03a882e2989076212254fad6f87e91b338ff5f,12308
0xeFaD29D88E6FF491432C601865167B8D0F94CCE6,12309
0x40071fE262C61bD71A7848F2AC16670bf7431560,12310
0xF8f56D76b9A50D4DF33c3D7a4A2B2909d8cf1441,12311
0x1bc7Ab312E471bAB5A0c3FC3A3921ca98b4D397B,12312
0x4E229C267a891992FF32dAaf3e8004D26F983811,12313
0x9f1e56A50734Fa6eAe74F5644e7551363149dA52,12314
0xFeBb0349C727f2e0D9f988202E4F7b5CC8FCBd2B,12315
0xAE35F37f245Df2af7DB9b4a65Da5134e7F8DB464,12316
0xA91D3e7050e818941c12a2772A733C8EcDE71a46,12317
0xE24f44732104ab8bEB704A244280Ce42f90b7159,12318
0xBc7E0Bed623F8B7991D9E9EB2faA5eAA90Aafe70,12319
0xf9E892833aE675f90913a3df2A94A41c09D393E4,12320
0x87ce86758827977fecA4a1a8698A379A371B282e,12321
0xAE7774beC18714EF56f208B6D7b0A1a9EA5d445F,12322
0x7901Beefc57734DB3cBc88F5776Ca8E7bf8fFB82,12323
0x399F4B1914Ea572fD701c3A7BB883399d728b3db,12324
0x33F2C47FdB1F0D7fB02EAf5e36Db28ad160292D5,12325
0xa5FF6ee141CC64F05B625Ad7b2e39755FE16Db62,12326
0x50B5ec1276226b906F80b26a16C345a6e7b915Bd,12327
0x4164dFBF9769F696Cc96B58053A003f523Fd3acB,12328
0x21F181d2D08261466C420e863047130F74a80E78,12329
0x19465dee283ba343c0470ee2C54555aC0AaF7e65,12330
0xF0AEf01C504af761F11B176bE38b7B8cFb01dFce,12331
0x33C1839B5937Bf02F45bA95173bFc42fE9f622a3,12332
0xE15f62fc42B9e7dfbBb6867AeE43a459669831a9,12333
0xb3A320Ae4D3DdFD30F77643F46f61b8cDE41db4D,12334
0x0d42c4858B4E8216E278F8948808539160793Fd2,12335
0x9303070Ff848f6be9C08cfD934DB2CAf7362270c,12336
0xdEe2EDeB6A428f5f1693B663BF8f05e4dC65DEdB,12337
0x111DEFFdE1069c6B873cEdB48385834038745F2c,12338
0xd45a1dCC901dF289547FbDD59474375e67AbCb7d,12339
0x1c36057604944f404579cBE441019E2ee8aD0eec,12340
0x31041410f5C00392C5Ef68B33c7e4ab169e308fE,12341
0xf51040e6104A86ec66B0ece14E09De7d24a1eC2A,12342
0x6dEe60F887b6677B7D4611F9FBEf1e25c1a0D0B8,12343
0xa8d83417E49D9ef5c8d6C1287fE7f15417B2dCE9,12344
0x1F6215af47cA74E5BD3DA549aE113eFdA660e822,12345
0x4c785154BD1DEA3e2Cde5AA565cDe8d3eDB64d89,12346
0x577BC2648b6Bf5ec7D59d14f50740FaE0818Ffe5,12347
0x0690253a61002a162f3C41c6B3366131453062b0,12348
0x40027013E6ED9C38e3AA2c209912ef0e202F2623,12349
0x87CC21057165Ce1c5088Ab6B5547c82b1f403Bd1,12350
0x6Fa1d67eE2ED8a49f5f81e952Cd7b80562173094,12351
0x4D3c6a07657059Fe541f690fAaC9f76cc0f55147,12352
0xA25F1310D44C884E4c99b4E315911B44F235ba0A,12353
0xdcb77e6A385408a9009780B72d0972C3A5bb2682,12354
0xF41920028416f875777A0d63B90F130d771e8811,12355
0x8d2dc873314681CAb75C4d505ca0fa81b4783f22,12356
0xf2c04AfeD3560A6047B93378c6F4a68E0CbC5992,12357
0xea54FB8390Bd36F5f0A4E8a2ce28F4601a5F4b85,12358
0x82f2384E7237b19d510AC72Bc9847C028Ce03B17,12359
0xb1Df8F901daF72c31E0bf672a2Cc9A461d3e3209,12360
0x7081B757Ad65f2616Ba2dede4B576d7A54A3fCa7,12361
0x65a98A451fe2361ecd81AACac4e77512490137Ad,12362
0xd897cdffd0a0825Cb06bBb85Cd4a8489ec169D00,12363
0x91771762CAC3fCEEF940C443d67413B327865De4,12364
0x6cfA47FF4E141202d49f072475D5692edd109Ea5,12365
0x4450dB99260EC3140B4690F1c6bDd64d5d9644A9,12366
0x60d1998ec10465C86a9816D22D5EA491745B3200,12367
0x1062C264b8382d10B4512c17E911572D0dF47F05,12368
0xfcE0093a127e62985CD6500A47429D4c69D03D70,12369
0xfb6140838e08dd410FA683DE1bdF33db5dd6b7f8,12370
0x72f691c6795b078aaF256a1d514733e83Bb1932b,12371
0xf1Eac917aDd1cF941E40009066BF6C3EEb16185A,12372
0x4B73A937667ea106b8E16d1FDc72880A7aC55d68,12373
0xDaAA708bD79A85a4121B230D550830a153D83076,12374
0xf1c7d4BD3EFbF28BF3EB5d2AEf281ea638ea805e,12375
0x41a6652A5E94a602286D69A539A9f03bf54140f0,12376
0x361d411886E61fc60ad27386388912CD73738f9d,12377
0x53B33510338E768485DDdA2680D9E324A90Ef460,12378
0x4899F41339a2c1C953A4029b4063E9E59Cb053C0,12379
0x6586A894027BbA22425cE5B9Ca933D1DDC4b3acB,12380
0x23238FF4Df3898Ba037337B82c478E5C2c93953d,12381
0x3bb2C120062600772AF59C7a8552a522D9678E8b,12382
0x0afeF54442F2Bf5622090247bc4e2449AF21B8A4,12383
0x3F9628E342f953dA9f1C307a7098B4c9b6354c2a,12384
0xb2689209f58f1B64DCc6DFE9CeeEaAB12C19940D,12385
0x973E8C4574ee5cf748D69206b63541912b5B4Df7,12386
0x58646D2b98C7B8f48427390B1f86140Df0F206ad,12387
0x35bF3f79dc89D5d0b4CB91629786AbFf4e09f1d2,12388
0x74D333777CA775e5BCA019dE491d12cf280A86AE,12389
0x048d42407a2C9e881078Cc7e5af0a823210F897B,12390
0x5D5bAddF1D75fE1eb9647d5b177F0BE0E6296ef3,12391
0xD15B660B057DCd0603c3558f4297dD687Cf13C76,12392
0x2c16f9840caB25DA3F143214Aa6A9d3feC4Da767,12393
0xF843224190304Cbab152FB752D349B2968F87B96,12394
0x5d63C376a912fB8d6A4691c3c6137e1dD1EE3b07,12395
0x70C132C0246A6b693a6526935aA8abcf585E5c2e,12396
0xCbBCa1841301f4191a7f935534087E3A48B7B9cf,12397
0x167be130faeF6B4d8D41bc81f9D440F522796347,12398
0x4f04169E934440aE59E02cC5545Fc21655C4f587,12399
0xf701db2241fe7d4c1e148ca06ba66a8cf5c1ff46,12400
0x2C9247060614670CD823c6574afDA286dcdffB04,12401
0x90F40A17D315158F541389De47c696C91F1A0f2d,12402
0x8f1D8725eC04584CC3eA76825577d5A4bdFB0443,12403
0xAbf67fF824D10D5a91A0493C95b8583b345cD12C,12404
0x3EDfb16E2cB6e5F82Cc0B0BCC2742BDf14bD9111,12405
0x35de27efF13B06d547305E7e05fC48B8171DD60a,12406
0x8157F6afFF1e5416BFAD4e8D29a540c111Fa2a20,12407
0x703AbDe1441365A8Aa3dDa243b85813d3a4Aa42e,12408
0x2d8Ba72193953EADDEFe3b06BCb5fFE7d0904a4e,12409
0xeEd02f07eF92371bD065c2502F077203BA41E274,12410
0x82e091466d5Ef144420E2517ED42B5550716e818,12411
0x5aB76038C9814eb67E06966f95c2A9e23A1D54FD,12412
0x65EF3B6604b9aaBaC2f9b70e5Ba7B260DB265b07,12413
0x7ddFff827EdFeBa244910FD51113312f54D0A2c1,12414
0x85D4ee8751b7b14350F3B43FB248EABA738C7b6E,12415
0x1d665046369a209C51eB564968D0eFF41338B4C0,12416
0xbaF2F9426521C8b4e955DC9e8f888095DD1322B5,12417
0x843Fe5144d45bb009fd98EE067a654ddc257C0e1,12418
0x55cD44876dFe9f74AFf6E3384c212bC4D245b0cd,12419
0x764780c92909740b66075Fb3feDE7768D87f727d,12420
0x9F133e5C54Edc6C0490Cd3e363710272930aC2a9,12421
0xE564A050C61933FA2d2276388b4ec9b99ff948DC,12422
0xB2EF948b0767580c568b96dDfD83B9c79E7808b2,12423
0xC37e6994304B79B7da3f94EA4F59CDd98A555208,12424
0x99C0Ae7878a491087b224347082E4be4382795F2,12425
0xc9E97D473e2f4090E26E96695D08380853651f5E,12426
0x11C7d5699ecA3cE65264903606a37700aEaf92Da,12427
0x45EF69FcECbf1D3D509430aFe50BbA86D46085b6,12428
0x088C60285D9C05EF1Cb961bf97C44EC673bA14Ef,12429
0x6ae01EFEdB2Ea2867AAb38E810f6031848D055d9,12430
0x0dc32F49D5Bd366Ebac5cD919E72fF8FC315256a,12431
0x8F0309d971842014fe2d49167A2125BA8800Ef6c,12432
0x8a635f2F754259b1531Cddab18F791Ba753D6700,12433
0x757176875f1BE86Fe2852c40c73675398c2C7b91,12434
0x3cB9a223618E492CAECEE6911Eb1f0459eE7Fbb6,12435
0x648FE64913fB45E9D7f89b7D81A0a8Fc06A840C7,12436
0x9144Dd892D3d0C721d03675aa7B9310EcA44AE93,12437
0x989d4876DA6F646B605F9d8A659CDf65cB055Fab,12438
0x5a6B6505355786184A094286162B87E7e120941B,12439
0xd297aF7c3c83333F7ffaeE8B1B128F455e875a8A,12440
0x17b981fBcd00dE09C7d90e448850E133d19d17c6,12441
0xEA261fE8349865D6D27c31E2d573a0840f30dF80,12442
0xA143107dB05aBa186E8994bfeC1989fAFca6A8e4,12443
0x3CC7Ac2D61ae265C256f140D4C46A742334Bd5FB,12444
0x4186320dD621D88179eAE54A4B08733B024D2F9D,12445
0x83194056dE93Fae0Ba8D75572c5AD2FeA17c81b8,12446
0x57FDF4085137724D9Ae2eac151a24f2492BbA81C,12447
0x406bc0A145667C1B2DA286A0A2f76040E502D551,12448
0x775129bd22eC4f34cbc19A143c4F747A6378512f,12449
0x6154a9533422A2b2aeC127c963C079822E3EE107,12450
0x2f1Db71a3963D5463D2d2DD8F08F04E6A5837a20,12451
0x25C6936fDcd54f7CE59B7AfD0e204f8207C89574,12452
0x854D4b5A3633e6BE0113616046FDb914AE3Df45d,12453
0xF9762954Ecbd7C5CEBBdfCaB23DA6CdCb953466f,12454
0x4E7079033F8E2D71774d97129acE98282882DC5D,12455
0xFD7c9e8989D50316a7b31cD8a17C44B7E7F4cc61,12456
0x8f492BFFC29c10A4bEF118541DBe5982D55F2038,12457
0x29c22ed6A1EC3cb3567fCebF0aB564A6fAF890A7,12458
0x1777F85251d1e97257D829633F70aaefB67c9A94,12459
0x10c5883edc1737231150747562696fF1Fc3fbc10,12460
0x848CD8e35f9217C86Df0E0e473bd2Dc7B8C667C5,12461
0x47E5DA615ec83D2A131144C4013AF7EbE1A3EDf0,12462
0xaDA81Af494fE59d34d1a0C88bF6C390710321152,12463
0xCeC29930ac20027c63e004365Bb3E64df7ec7cF2,12464
0x947f6D332838c5D814816FA7AA4bb981Daa9F784,12465
0x4778B151Bbe1663DCEfd1bE64721DBe6592065F6,12466
0x17BBBF54BA0838D408b4F1705e6B04aDDeE28aAf,12467
0x84E2dfe06271fc4E81e145a6519066619f9137DB,12468
0xF950b9Cb4E79695ff24C0a9e9BEc0879C069ac00,12469
0x5AcC04b4e42d3b31C5B76cFBDFc7cA76A10abCD0,12470
0x36AdEAdc90d85071C516e442341E0e2a88c8fEA7,12471
0xDCa0Ecf00D43ECB813e5B57966864b0E2782Ed5F,12472
0x779D7F2a09e50F4dCBeB840110d76BF0A9f5D9E6,12473
0xDAE742A163b4BDD9d8426DB7Bdb0aDFc14571D2b,12474
0xd163eC96Ad66C50a4229756fA6981C322B0a819C,12475
0xF59240E6DcBB1C05606F454731Ba9d28bfDCAd1f,12476
0xa6c4d130BC8250287d1fBb540263486d0066b5d3,12477
0xbB1C6548AF1001145F1fecd76F00027DbF7CcfA4,12478
0x92aF8cd23c16747735A2C7BC8da26AD9419F0F12,12479
0xc657E36614989D24D266d33b6733388B3B86b429,12480
0x4A3E09a567Fa4162d6c2dA8f737429077fDbeE67,12481
0x48F0bf27793aA0F02f1170F46e08d493a17251e1,12482
0xEd9A5F440F011f2C9E4243672cBC02CfC0c92ddC,12483
0x2bdace4218773C4ac7797E9103eF944aCDbBAa3C,12484
0x1b8a99527561bD73E375df7B4B14B10Fd26025Ec,12485
0xA12075614057C31e52b5Dd2F249a3881618Abfcd,12486
0xeC7358763c7C3e5bf247de204bdf7721588b210C,12487
0x431F3D253838eCEb9bC7d9E3fD529A75Eb2deB3a,12488
0x4cC1A6Ea4f5a554213976C9a72D32A8f7CE6D965,12489
0xE2a1e940D42d52bAd533524D4D48567D98B74adC,12490
0x9800Bf763B37ab496205Eb4dBCf265F924607507,12491
0x43e65f8116174d1c38eed3545d21fc37ea34b565,12492
0x24B09e6e6C94FBd80Cf44aEDC7BBD0C5386fC0a0,12493
0xD481eCfb42755819c53E30CdD86E4B30eFBC25dE,12494
0x77eE83681A28193D3Ec4a657F7e792cD5D33e0bD,12495
0x3Bf98753315305dC37229F8aC7B5EB6C8016420f,12496
0xB9f2D469EEc49C85f104667C46ee0E254b818a0E,12497
0x1e38B6C0EC4130B1249b9ee5D5DE68AEccdcBc4C,12498
0x7032245d328693EF833d7830089c12264F84bFfb,12499
0x7Cb00fc1364E4B5d3973Ad0C6eecFD549581e8cF,12500
0xEbc896c909C683F7ae1e6c23f16472CaAb73A68A,12501
0x6DBf232646006780D799BF2c9Fd75442443FCE66,12502
0xa7ffB35E320EecE4166a75f9693ccC9e9333492F,12503
0x7bF67e44a2713E3CF3E0d29401E402C1622E1422,12504
0x3b733E1d2AF71FBc2c5955972b744d3976f7DC62,12505
0x625b5C531012d1d2A94D0f97C63668AbBE5a9E47,12506
0x93972AD0671a848faF3aF399684A1393a5784E58,12507
0x7E8B24F1b55b228871538B3b88DBB50f7A707c31,12508
0x6C69Fea834B83c2EF184233d70A3b18C783CAC68,12509
0xCF65a4e65123e0aad0cd0584da08d33bcb36e911,12510
0x53a36A958D832eFE5599E73171FBEf15d2f250a0,12511
0xb636fA0D08B9B8EEDCd54fc8Ca72BF57D2174A7d,12512
0xfF5B54ffCe8A8393968676560F74DE69a808CC81,12513
0x871edaE10B4bD8CD4bcC1d94a918215258f1d394,12514
0x16023E94D929ccD16aDfA1d12E0b49cFC7Bba8Ad,12515
0xa170F3325d2aCF3639F62dfb12d7EB9b0aF67acc,12516
0xEbFB2857C3338aa8Ab7bD9B6cAE4eCAF0af63369,12517
0x7D15544b3C674DEbd9Bf9A7C89c1071fD7F2c45C,12518
0xb53E296C9C0e92Bb70B87a85129ECc087e6FDDc7,12519
0xcCC8698BbE2Cf89C628D163dc500e3D24e99F905,12520
0x6D406f04bD5C429Bd362F556b126Bb82bdd8Ec51,12521
0xAD16C85081d3fA1618C329Cc041CAff4fEc97C63,12522
0xAE79a8390214c83CE72a41c2C6698c6883AEB40d,12523
0x5c62fE33fC9Fc61F966D36AF24bE44F631bf4DfD,12524
0x2f1C9cB815217201069F5a92b27570dB01266b7A,12525
0x91921285a937b04Cacbaef557454c811E0df5F79,12526
0x0Fd1393E1Ee903fa34DaCAAb3D878403186c5aF3,12527
0xF9efa0450349392f92EDa8797017b9F8361432D6,12528
0xc2080e19856d9298a8BB06358F99D27064d2fF7d,12529
0x67Ce06349481c2A1e93d98fd3994924acdd0e548,12530
0x9Ba5114cd165dcD9b555c1b199f10EBe5dC8C9a1,12531
0xB0c8124d4E609C830eb96CF8991b2a1e21d687d0,12532
0x684A505A4E9022318ca0F9FF78602E22aC4CF9A1,12533
0x6341856c80c4F6a22C2a1d313A77D770C34B70A7,12534
0x8FAcBf3a32Ab96dBD036A1eB56e60E8551EdB74e,12535
0x2518b3D970b9239A4Dda3426CfAE187733575bc4,12536
0xc10566B9300A0A001d015a4d129AB3621eAeBcF0,12537
0x5e119bD60f39e803A94c7319C6d75A2eE67D0c2B,12538
0x3333557bC7b3675934F45b50a43a0225bB67a8A7,12539
0xAdC6e069CcFB33E8fC1910d8f7B2b45D8452B583,12540
0x3a92e9760BC6Caf8e67aaB162ff045D2Cb927f1E,12541
0xeF9E0a6adcf0d17BAF365d246E9de1D5D7c833e4,12542
0x41846DA4c969CbfD242CD072DCa4759CE9214b49,12543
0x43800093e05E5DfF4258D59aA319192E37C22B0b,12544
0xa6340A4812ac1dE60Fdf2d6BE01Ba5Aa14A92e30,12545
0xE0f29a0680AaeBE820b38C6e086B8F91B74252cA,12546
0xA7e85301Ff834ff6D0f3E40ECc3a71D62aEefd87,12547
0x63D93d3d4ddeE2b0F7e97A2CF5C332A162f2dCE2,12548
0x84A442590f096ccA4207cF39e04F445d9cc80C0E,12549
0x65BF4cbe679022b7528eeF740D2C8eBCca04A9Ed,12550
0xa869c60C66597FF7BFc020052223eb8cD9Ea014c,12551
0x0d25e5F59fE4A14847298B34961119454e1E3E4D,12552
0x462a1674A6F13a93AdDaa701f4c8e18ebED06b55,12553
0x12B681600377b8b5525a071f2df1C4972eFA1760,12554
0x2D34EaB306f977C96cD6d8E94D8f6b357bBfe564,12555
0x9815155a857628998Ac67179204AB324FE081855,12556
0x2C007cBaA56da0D5Cca9364D8a33467246dc3e83,12557
0x9717bA95e6Ad819486BD07E888c6136EC727Fc38,12558
0xF2008Edb432073D588313576c600D8Ff32371fB6,12559
0xAb0b083B9Dc1cA590EE4c57AB2fC38F51a8da00b,12560
0xaAF937b941247C6Cc5F87a7281f1FF88b83FAAA8,12561
0xbBcBCf6cF61e31E094c7041e3e6CF04a6e50A0A7,12562
0x5CA4F8a4bFC2D04a5d1aFa0Cd3cB3aFb5B38369C,12563
0xFBaf2F1b45be13Ba5D06d974f485dc8fca3d4930,12564
0xB8a001c84f7d65d12E80581DeEadB5B0B304B374,12565
0x6852dAA894D6C9532526a342b4B3354b691aaDc6,12566
0x406df6FbE408852E2B057B8414526a3804e0621C,12567
0xEb785e47d388726Fe502FdAD0B2642E6EA637409,12568
0xB5BB47c4fe566273B09a9466F68cd2B5CafD79c5,12569
0x4c97AbdC750430498cae35664E00E3f40ea5175e,12570
0x8DeAbec2717AC2D7E3223F9B241EA3Bf266bb149,12571
0x9A22731519E6403312bF4c6Af1163bF73Baa37Ff,12572
0x2894A9fA9f21bF6518A34527b5a1B4D8955923c7,12573
0x4AFB3775140AC086B0e90e1E128df8b92019c977,12574
0x3f4C54e9E3b782b525695731CaB016e4953613C8,12575
0xcD78B8959ccc3D41601d61C9de2D97B45Af6794c,12576
0xb093FE7A2cA45F93DD16D765431dd449B8Af5D37,12577
0x604Ca90e17BCcc831e387b8B4fA6a604F92b2e07,12578
0x3f4cd01B7d4a02FE283db00CC4417fc1084f3E82,12579
0x458CcE20eE06BEF471887207b5Abc62863d8C668,12580
0x2A508787b87c1ffb9D7d9CDAAA544De7a444B84b,12581
0xB0dCbEF2A5a00aFCC1dc0fFa82Ebbffc86D187e6,12582
0x41e7DF819f38FD63f1a47CEdf13ab28B4457fFe1,12583
0x44839E8b2E7B7893f77B2cCC06c2502cbB115ff0,12584
0x67139DE046bCAae50BAc4e075cbB7B68F8f7B3a3,12585
0x06a43c6F0aA0931099DE408db5E4FE196539d4Be,12586
0xDbFCAE5d7CEdfE7e6Ae09e6392e36EC89d602bC4,12587
0x3E9CF50baE6B38a34293F68bB6f656972CCf30dc,12588
0x7Cb3358046773950c93B1236AC6765cC135a8376,12589
0x58d9856660F589CdB4627ff796D945211992d6AA,12590
0x49379cE8eB3a5F8d2419E91c16CCCC9DD4d7882D,12591
0x49d7dd250e9cddcf71b4f71d401bf84ed7ab58bd,12592
0xEB014b89da3d5ca77A1E8c93fb6b30f1067e984E,12593
0x16608F38D0b64ef11e607abaEe0d210BC49f7d7b,12594
0x33165D8cEC76fcb6E17cEf97278cc7d882178740,12595
0x08c8456947782dbf11783024b0238558F90EB290,12596
0xead8a1cf44389ae721baf399188a2a0a8d2eb246,12597
0x9cD9c58c342D3D4b7f7A78554098C30B9F2DC5FE,12598
0x5c1F683A325e01C0fAfAB6268D2BF565DCBD0BcD,12599
0x0cE9ecEaF2DA2B29A68dc8Dea1801E3593D80417,12600
0x8e1343508cbA64EB1AE15C17182685b4e38F37e1,12601
0xf524F166081C7732641dF458e27D78E33A382eff,12602
0x1d790045D307425F67122350916fB80ef157732A,12603
0xeee7cCE2502Dd22E818129Ee821282D0936b60cF,12604
0x86D0DDc562F19A6858983DDC365D60dE2D799ef7,12605
0xf59Bbd51C9f99C2D34945F43C473EFd52Ce85fe8,12606
0x621aF55eb533F2129a29809747F86Dc147978A7C,12607
0xDfB88066F35CCB532a8a623660D29e335bE07870,12608
0xD565D30f2c15DE764E6e61e1532Ca292AAF0F922,12609
0x868c205970a9Be9eC28BB6f0866222D1fe9785F0,12610
0x8A2934663Dec2774412DB20CA25af359366e7664,12611
0xB8b6F5e74148207d0Bd749732f95185A3Fa802d9,12612
0xF7C4Be4317145a7cE5E96b738fE4bdc51d64070b,12613
0x39973480C3eF14F4221dCe9CF51F6B43Dc76926b,12614
0xB0095EC95d58FD70B3CF9e2F617CDA8eF32E445c,12615
0x92f4d0e3aa2c652c78666d89fc93c04d26c8914a,12616
0x708e5d0c7cc7EEB4416C50B04dD452600126c02f,12617
0x133a5ad507063479B8d5BB919c7465bCDA842636,12618
0x9dDc8e6BfD4CaD596eBDdC2c3D94fEB3C2D4c2BF,12619
0x60182D76Eb211E09f4dE874cE90bC73c11Eec2c1,12620
0xfC1e705eC978F1ee8D7eba122d7F3EB9EE746764,12621
0xF4247db9B5aC2eC60Fc7ABCC67d4B3f599296ace,12622
0x888d39B6cA13bfD515178648de7B061230EA4441,12623
0xE94B98e9d6A14890bDfdea3989Ff7d22651aFEa1,12624
0x0c2Ab8F849838BA353ab82a147042565A1b972Fd,12625
0xA25c6a3f0D9d3AF4e5f22cAC1170d770A399fe3E,12626
0x9666682505bA33a583449C145cD9db16950f46D8,12627
0x25868687435Fa45401A44Fd8A6cb6F31c671743F,12628
0x88E042b60971302405dd05674B39C9a40038D950,12629
0x84e1A396AE851cFb00996Dfc67fEF754B7C17B3a,12630
0x81E9D573D6086630D8F2327D276bb4f4c5915b9d,12631
0x8F60E39da88dDaEbb6520F3abF398994690A9898,12632
0xB7E6B93660D266Af6d7e88b53482107B724D3F5d,12633
0xe067202c26eb0c86673893469Ad02c8738bBE286,12634
0x824Fb3ca5A94A1b853Da04872947D6CfFdb4Cc7C,12635
0xC1378C0d4561A425F4e5Ab64415AbdDA63d99aC3,12636